globalid,informacion_recurso,last_edited_date,created_date,imagen,geo_point_2d,last_edited_user,tipo_ruta,geo_shape,objectid,created_user,nombre
{00C2986A-F2D9-42AA-860E-4C6C71BC6806},https://www.valencia.es/documents/20142/24550995/9.+VIVIENDAS+OBRERAS+GRUPO+RAM%C3%93N+DE+CASTRO.pdf/dc32cafe-fab3-1378-735c-a4c1973db6cb?t=1693987177582,2024-09-06T09:26:21+00:00,2024-09-06T09:26:21+00:00,Fuente imagen: https://arquitecturayempresa.es/noticia/grupo-ramon-de-castro-arquitectura-obrera,"[39.463360209895605, -0.3891312463029152]",ADM_GIS,Ruta Turismo Barrio,"{'coordinates': [-0.3891312463029152, 39.463360209895605], 'type': 'Point'}",83,ADM_GIS,9-VIVIENDAS OBRERAS  GRUPO RAMÓN DE CASTRO
{041E72F3-397E-4447-8732-128AA40E2E26},https://www.valencia.es/documents/20142/25335565/Recurso+10+Iglesia+de+Ntra.+Sra.+de+los+%C3%81ngeles+%28Rev%292.pdf/e59f8654-32c4-2a49-647e-7ec4f53424bf?t=1699009599019,2024-09-06T09:26:21+00:00,2024-09-06T09:26:21+00:00,"Fuente imagen: https://commons.wikimedia.org/wiki/File:Iglesia_Nuestra_Se%C3%B1ora_de_los_%C3%81ngeles,_Valencia_01.jpg","[39.472587992703446, -0.33190755989843423]",ADM_GIS,Ruta Turismo Barrio,"{'coordinates': [-0.33190755989843423, 39.472587992703446], 'type': 'Point'}",85,ADM_GIS,10-IGLESIA NUESTRA SEÑORA DE LOS ÁNGELES
{0B80CBBA-506D-4391-BE77-83D07B606648},,2024-09-06T09:26:21+00:00,2024-09-06T09:26:21+00:00,,"[39.47534224060475, -0.3975575710683755]",ADM_GIS,Ruta Accesible Jardin Turia,"{'coordinates': [-0.3975575710683755, 39.47534224060475], 'type': 'Point'}",89,ADM_GIS,13-NATURIA
{0BFE31BD-075A-4B67-9A3D-106A0D3641BE},https://www.valencia.es/documents/20142/28886550/CAS+1-Iglesia+de+Santa+Mar%C3%ADa+Magdalena.pdf/38449b16-6180-c057-41ac-2127a667935a?t=1720770025660,2024-09-06T09:26:21+00:00,2024-09-06T09:26:21+00:00,Fuente imagen:  Enrique Íñiguez Rodríguez (CC-BY-SA),"[39.52866916757091, -0.3855956291937762]",ADM_GIS,Ruta Turismo Barrio,"{'coordinates': [-0.3855956291937762, 39.52866916757091], 'type': 'Point'}",90,ADM_GIS,1-IGLESIA DE SANTA MARÍA MAGDALENA
{161BE20B-EA46-4300-917E-3D749B7937A3},https://www.valencia.es/documents/20142/24550995/12.+REMEMORACI%C3%93N+DEL+FERROCARRIL+A+UTIEL+Y+LL%C3%8DRIA+EN+LA+CALLE+TRES+FORQUES.pdf/ce357925-374d-db75-8e75-ea0d24b50c0f?t=1693987179032,2024-09-06T09:26:21+00:00,2024-09-06T09:26:21+00:00,Fuente imagen: https://valenciablancoynegro.blogspot.com/2018/04/los-ferrobuses-relevan-los-trenes-de.html,"[39.464217129561064, -0.3936625226074297]",ADM_GIS,Ruta Turismo Barrio,"{'coordinates': [-0.3936625226074297, 39.464217129561064], 'type': 'Point'}",93,ADM_GIS,12-REMEMORACIÓN DEL FERROCARRIL A UTIEL Y LLIRIA EN LA CALLE TRES FORQUES
{FE823EBB-6CA3-4936-9624-A11AE30B5A02},,2024-09-06T09:26:21+00:00,2024-09-06T09:26:21+00:00,,"[39.47756082157516, -0.36747480606573557]",ADM_GIS,Ruta Accesible Jardin Turia,"{'coordinates': [-0.36747480606573557, 39.47756082157516], 'type': 'Point'}",203,ADM_GIS,9-VIVEROS
{2562F25B-CAC1-479B-A50D-F3E9B8FE16A4},https://www.valencia.es/documents/20142/25335565/Recurso+5+Teatro+El+Musical+%28Rev%292.pdf/7dc8baa6-a6fd-265f-5d60-30221be4915c?t=1699009596413,2024-09-06T09:26:21+00:00,2024-09-06T09:26:21+00:00,Fuente imagen: https://www.valenciabonita.es/2017/06/19/teatre-el-musical/,"[39.464636017296684, -0.3320583448485114]",ADM_GIS,,"{'coordinates': [-0.3320583448485114, 39.464636017296684], 'type': 'Point'}",98,ADM_GIS,5-TEATRO EL MUSICAL
{29742A1A-59F0-405E-A428-7186430D3703},https://www.valencia.es/documents/20142/20876515/12.1+Parroquia+de+Santiago+Ap%C3%B3stol+el+Mayor.pdf/8cc99c2d-e82b-edef-4219-9de89da69e71?t=1668584156198,2024-09-06T09:26:21+00:00,2024-09-06T09:26:21+00:00,Fuente imagen: https://valenciablancoynegro.blogspot.com/2021/11/beniferri-santiago-apostol-el-mayor.html,"[39.49666365958112, -0.4051199823044577]",ADM_GIS,Ruta Turismo Barrio,"{'coordinates': [-0.4051199823044577, 39.49666365958112], 'type': 'Point'}",99,ADM_GIS,12-PARROQUIA SANTIAGO APÓSTOL
{33E0D285-E5A3-46CA-838D-7345D45830E6},https://www.valencia.es/documents/20142/24896899/4.+CALLE+SAN+JUAN+BOSCO.pdf/a1ba7096-64ea-569b-a709-ced6a2bce8ba?t=1719906096336,2024-09-06T09:26:21+00:00,2024-09-06T09:26:21+00:00,Fuente imagen: https://valenciablancoynegro.blogspot.com/2021/12/barrio-don-bosco-primado-reig.html,"[39.49266830150208, -0.3720977076345139]",ADM_GIS,Ruta Turismo Barrio,"{'coordinates': [-0.3720977076345139, 39.49266830150208], 'type': 'Point'}",103,ADM_GIS,4-CALLE SAN JUAN BOSCO
{35766309-038D-4D5A-A2C0-41F9621ABC44},https://www.valencia.es/documents/20142/15189791/1_casamuseo_cast_ok.pdf/76b82d6a-ce06-5e31-8d1e-f5dc12e2a64e?t=1636634336005,2024-09-06T09:26:21+00:00,2024-09-06T09:26:21+00:00,Fuente imagen: http://www.casamuseoblascoibanez.es/casa-museo/,"[39.482628528666105, -0.32577892377495166]",ADM_GIS,Ruta Turismo Barrio,"{'coordinates': [-0.32577892377495166, 39.482628528666105], 'type': 'Point'}",106,ADM_GIS,1-CASA MUSEO BLASCO IBÁÑEZ
{36C063EF-AA71-4514-8ED4-AA43B6AA3474},https://www.valencia.es/documents/20142/25335565/Recurso+2+Monumento+a+Sorolla+%28Rev%292.pdf/dc4efa4d-9981-9ee4-7515-6d81574e5c89?t=1699009594790,2024-09-06T09:26:21+00:00,2024-09-06T09:26:21+00:00,Fuente imagen: https://cultural.valencia.es/es/escultura/joaquin-sorolla-bastida/,"[39.46336408839843, -0.3298234304641592]",ADM_GIS,Ruta Turismo Barrio,"{'coordinates': [-0.3298234304641592, 39.46336408839843], 'type': 'Point'}",107,ADM_GIS,2-MONUMENTO A JOAQUÍN SOROLLA
{37B2DAB1-6275-4F79-8E52-78AA56826FE8},https://www.valencia.es/documents/20142/28886615/CAS+2-N%C3%BAcleo+primitivo+de+Borbot%C3%B3.pdf/4bdfc9aa-1ed1-6808-e260-e5e1c912522a?t=1720770048919,2024-09-06T09:26:21+00:00,2024-09-06T09:26:21+00:00,,"[39.515799917773606, -0.3906685071108733]",ADM_GIS,Ruta Turismo Barrio,"{'coordinates': [-0.3906685071108733, 39.515799917773606], 'type': 'Point'}",108,ADM_GIS,2-Núcleo primitivo de Borbotó
{3B2BD792-C866-4649-B848-91BF5CAB39A8},,2024-09-06T09:26:21+00:00,2024-09-06T09:26:21+00:00,,"[39.478095586120695, -0.4070518892827521]",ADM_GIS,Ruta Accesible Jardin Turia,"{'coordinates': [-0.4070518892827521, 39.478095586120695], 'type': 'Point'}",109,ADM_GIS,16-BIOPARC
{42F1900B-4D30-4511-AEC0-14ADA05F317E},https://www.valencia.es/documents/20142/25335565/Recurso+8+L%27+escorxador+%28Rev%292.pdf/966cd8ec-f3ab-c6a4-fb30-4f2097288ae1?t=1699009597983,2024-09-06T09:26:21+00:00,2024-09-06T09:26:21+00:00,Fuente imagen: https://www.openhousevalencia.org/portfolio/escorxador/,"[39.46927463653205, -0.3318431868761305]",ADM_GIS,Ruta Turismo Barrio,"{'coordinates': [-0.3318431868761305, 39.46927463653205], 'type': 'Point'}",112,ADM_GIS,8-L'ESCORXADOR
{49A03EFF-117B-41F1-9CE6-84E1FE6CC94E},https://www.valencia.es/documents/20142/28886839/VAL+1-Nucleo+hist%C3%B3rico+de+Casas+de+B%C3%A0rcena.pdf/2fd22966-fb20-cb8e-b25e-d91837f4038c?t=1720770111929,2024-09-06T09:26:21+00:00,2024-09-06T09:26:21+00:00,,"[39.52085567683244, -0.3585294478988236]",ADM_GIS,Ruta Turismo Barrio,"{'coordinates': [-0.3585294478988236, 39.52085567683244], 'type': 'Point'}",118,ADM_GIS,1-Núcleo primitivo casas de Bárcena
{6A10D38F-4FBA-4036-AE8E-9283B9A0F796},https://www.valencia.es/documents/20142/20875903/3.+El+Castell.pdf/7887f9e9-4547-b35d-07ac-3c67b088acba?t=1668584008287,2024-09-06T09:26:21+00:00,2024-09-06T09:26:21+00:00,Fuente imagen: http://www.jdiezarnal.com/benimametcastillo.html,"[39.49726084064893, -0.4182730017427232]",ADM_GIS,Ruta Turismo Barrio,"{'coordinates': [-0.4182730017427232, 39.49726084064893], 'type': 'Point'}",126,ADM_GIS,3-EL CASTILLO
{6EDF1CDA-99DC-40DD-8B18-AACC89AB601F},https://www.valencia.es/documents/20142/25335565/Recurso+4+Museo+de+Arroz+%28Rev%292.pdf/715b531a-2115-06f0-0158-facf00c9ef4f?t=1699009595859,2024-09-06T09:26:21+00:00,2024-09-06T09:26:21+00:00,Fuente imagen: https://www.visitvalencia.com/que-hacer-valencia/cultura-valenciana/museos-en-valencia/museo-arroz,"[39.46320599788327, -0.33189728465357665]",ADM_GIS,Ruta Turismo Barrio,"{'coordinates': [-0.33189728465357665, 39.46320599788327], 'type': 'Point'}",128,ADM_GIS,4-MUSEO DEL ARROZ
{796C44C4-4D49-4FAC-90F6-89D34B558D7B},https://www.valencia.es/documents/20142/15189791/6_hospital_malvarrosa.pdf/03ec37f8-b131-0be9-8c79-026d9b0e7b7c?t=1636634337214,2024-09-06T09:26:21+00:00,2024-09-06T09:26:21+00:00,Fuente imagen: https://clinicomalvarrosa.san.gva.es/es/malvarrosa-hospital,"[39.47515840246828, -0.325685989433513]",ADM_GIS,Ruta Turismo Barrio,"{'coordinates': [-0.325685989433513, 39.47515840246828], 'type': 'Point'}",134,ADM_GIS,6-HOSPITAL DE LA MALVA-ROSA
{8D35732D-6C2C-475E-B9CA-CDDB49285403},https://www.valencia.es/documents/20142/28887099/CAS+1-Nucleo+primitivo+de+Poble+Nou.pdf/d89429e6-02e3-9c9f-4f3b-d8d0fb1c1e4d?t=1720770188622,2024-09-06T09:26:21+00:00,2024-09-06T09:26:21+00:00,Fuente imagen: Enrique Íñiguez Rodríguez (CC-BY-SA),"[39.50428899008221, -0.3836649367084831]",ADM_GIS,Ruta Turismo Barrio,"{'coordinates': [-0.3836649367084831, 39.50428899008221], 'type': 'Point'}",140,ADM_GIS,1-Núcleo primitivo de Poble Nou
{9C6F1A28-CA94-4E57-B77E-A715BBB90761},https://www.valencia.es/documents/20142/15189791/7_campo_futbol_cast.pdf/853df3f9-4ec6-85aa-66e6-517b8f5dea0e?t=1636634337419,2024-09-06T09:26:21+00:00,2024-09-06T09:26:21+00:00,Fuente imagen: https://www.valenciabonita.es/2015/10/16/sabias-que-el-nombre-del-barrio-de-la-malvarrosa-se-debe-al-botanico-felix-robillard/,"[39.476624229074304, -0.32921309418585337]",ADM_GIS,Ruta Turismo Barrio,"{'coordinates': [-0.32921309418585337, 39.476624229074304], 'type': 'Point'}",150,ADM_GIS,7-LA ALQUERÍA-RESIDENCIA DE FÉLIX ROBILLARDT
{A10BDC84-C224-4C61-9D74-AFBB45B1D762},,2024-09-06T09:26:21+00:00,2024-09-06T09:26:21+00:00,,"[39.46300076305131, -0.3596749421919601]",ADM_GIS,Ruta Accesible Jardin Turia,"{'coordinates': [-0.3596749421919601, 39.46300076305131], 'type': 'Point'}",153,ADM_GIS,7-PARQUE GULLIVER
{AE27B7AD-8BA5-4EEC-827F-6526A40E8707},https://www.valencia.es/documents/20142/28886839/VAL+2-Ermita+de+la+Virgen+del+Pilar.pdf/697d49ff-7442-3f4d-e718-535e3b834611?t=1720770114014,2024-09-06T09:26:21+00:00,2024-09-06T09:26:21+00:00,"Fuente imagen: E, Goñi, febrero 2019","[39.51782654067024, -0.36058938425540704]",ADM_GIS,Ruta Turismo Barrio,"{'coordinates': [-0.36058938425540704, 39.51782654067024], 'type': 'Point'}",157,ADM_GIS,2-Ermita Mare de Déu del Pilar
{B1D3CE98-6260-406E-B8CC-F4CFA3B6CE2B},https://www.valencia.es/documents/20142/24896899/6.+MONASTERIO+DE+SAN+MIGUEL+DE+LOS+REYES.pdf/f5cc7e4b-2c3a-c4a1-8cd3-ee07a0327193?t=1719906097452,2024-09-06T09:26:21+00:00,2024-09-06T09:26:21+00:00,"Fuente imagen: De Rafa Esteve - Trabajo propio, CC BY-SA 4.0, https://commons.wikimedia.org/w/index.php?curid=72276835","[39.499777374520015, -0.3700960974715423]",ADM_GIS,Ruta Turismo Barrio,"{'coordinates': [-0.3700960974715423, 39.499777374520015], 'type': 'Point'}",158,ADM_GIS,6-MONASTERIO DE SAN MIGUEL DE LOS REYES
{B677C5EA-2DE8-4ECB-B783-A1B3ADA3CC3B},,2024-09-06T09:26:21+00:00,2024-09-06T09:26:21+00:00,,"[39.50295412980183, -0.3832491935151333]",ADM_GIS,Ruta Turismo Barrio,"{'coordinates': [-0.3832491935151333, 39.50295412980183], 'type': 'Point'}",161,ADM_GIS,2-Molino dels Alters
{B8903C22-FE6D-4329-9C6B-FE0FD45F3F10},https://www.valencia.es/documents/20142/24896899/12.+PARQUE+ORRIOLS.pdf/6fef484c-5468-5e5a-df3d-7cd2ec5cc107?t=1719906100709,2024-09-06T09:26:21+00:00,2024-09-06T09:26:21+00:00,Fuente imagen: Valencianot https://www.valencianot.com/parques-y-jardines-de-valencia/parque-de-orriols/,"[39.4934314912695, -0.3650374509974842]",ADM_GIS,Ruta Turismo Barrio,"{'coordinates': [-0.3650374509974842, 39.4934314912695], 'type': 'Point'}",163,ADM_GIS,12-PARQUE DE ORRIOLS
{BBCD0508-9B52-4292-B65F-17A6D2293F9B},https://www.valencia.es/documents/20142/28833480/CAS+1-N%C3%BAcleo+primitivo+de+La+Torre.pdf/0f1781c6-3e5f-3689-665e-f12f7a799ee5?t=1721028774538,2024-09-06T09:26:21+00:00,2024-09-06T09:26:21+00:00,,"[39.43395067225516, -0.39132711417549854]",ADM_GIS,Ruta Turismo Barrio,"{'coordinates': [-0.39132711417549854, 39.43395067225516], 'type': 'Point'}",165,ADM_GIS,1-Núcleo primitivo de La Torre
{C167F4B5-748B-4B5C-ADD1-D08DF3870228},https://www.valencia.es/documents/20142/20876515/6.2+Feria+de+muestras.pdf/6508c1d3-351f-d3e0-eb8d-9eed20e4cc2b?t=1668584153347,2024-09-06T09:26:21+00:00,2024-09-06T09:26:21+00:00,Fuente imagen: https://www.valenciaconventionbureau.com/organiza-tu-evento/espacios-para-eventos/feria-valencia,"[39.50426454180773, -0.42484422000197886]",ADM_GIS,Ruta Turismo Barrio,"{'coordinates': [-0.42484422000197886, 39.50426454180773], 'type': 'Point'}",170,ADM_GIS,6-FERIA DE MUESTRAS
{C4197742-ED8A-4504-893C-7F56BD7B863D},,2024-09-06T09:26:21+00:00,2024-09-06T09:26:21+00:00,,"[39.457508891226944, -0.3552000125062267]",ADM_GIS,Ruta Accesible Jardin Turia,"{'coordinates': [-0.3552000125062267, 39.457508891226944], 'type': 'Point'}",173,ADM_GIS,6-PALAU DE LES ARTS
{C4DDB5AC-1DBF-4EDA-ADFC-CEEA562A96A9},,2024-09-06T09:26:21+00:00,2024-09-06T09:26:21+00:00,,"[39.479509374377784, -0.3716821468548295]",ADM_GIS,Ruta Accesible Jardin Turia,"{'coordinates': [-0.3716821468548295, 39.479509374377784], 'type': 'Point'}",174,ADM_GIS,10-MUSEO DE BELLAS ARTES
{C9B28126-DFC1-4E11-8C81-BEBC750D771B},,2024-09-06T09:26:21+00:00,2024-09-06T09:26:21+00:00,,"[39.4737852883427, -0.40619428496189985]",ADM_GIS,Ruta Accesible Jardin Turia,"{'coordinates': [-0.40619428496189985, 39.4737852883427], 'type': 'Point'}",175,ADM_GIS,14-PARQUE DE CABECERA
{CAC92630-9503-4A7F-8A72-48CFAB5360EA},https://www.valencia.es/documents/20142/15189791/2_acequia_vera.pdf/4adf252e-5b04-4ee4-f142-e3633dc02c97?t=1636634336558,2024-09-06T09:26:21+00:00,2024-09-06T09:26:21+00:00,Fuente imagen: https://valenciaactua.es/malvarrosa-nacida-del-agua-falla-san-rafael/acequia-de-vera-940x600-2/,"[39.48370087095164, -0.3255053384945819]",ADM_GIS,Ruta Turismo Barrio,"{'coordinates': [-0.3255053384945819, 39.48370087095164], 'type': 'Point'}",176,ADM_GIS,2-ACEQUIA DE VERA
{CB581051-CE1E-4CFC-A07D-D4310D50D712},https://www.valencia.es/documents/20142/24550995/2.+IGLESIA+DEL+SAGRADO+CORAZ%C3%93N+DE+JES%C3%9AS.pdf/ec02735d-8682-9ac0-304b-4eb00cafb323?t=1693987180093,2024-09-06T09:26:21+00:00,2024-09-06T09:26:21+00:00,Fuente imagen: https://5barricas.valenciaplaza.com/patraix-tierra-de-lagares/,"[39.462710660898736, -0.3918128494805086]",ADM_GIS,Ruta Turismo Barrio,"{'coordinates': [-0.3918128494805086, 39.462710660898736], 'type': 'Point'}",178,ADM_GIS,2-IGLESIA DEL SAGRADO CORAZÓN DE JESÚS
{CF93D534-9BFF-4242-A7D9-BF617BCD2EDA},https://www.valencia.es/documents/20142/28886741/CAS+1-Iglesia+de+los+Santos+Abdon+y+Senen.pdf/42d4599f-807b-758d-9f98-ca710fe1b58e?t=1720770069465,2024-09-06T09:26:21+00:00,2024-09-06T09:26:21+00:00,Fuente imagen: Enrique Íñiguez Rodríguez (CC-BY-SA),"[39.51685826747, -0.37816149663870746]",ADM_GIS,Ruta Turismo Barrio,"{'coordinates': [-0.37816149663870746, 39.51685826747], 'type': 'Point'}",180,ADM_GIS,1-Iglesia Santos Abdón y Senén
{D1AF7416-72B2-4A13-A558-4AB3DDF6196A},https://www.valencia.es/documents/20142/25335565/Recurso+6+Iglesia+Nuestro+Sra.+del+Rosario+%28Rev%292.pdf/be6b8e25-0e77-67e1-dca3-3c1b896d758d?t=1699009596949,2024-09-06T09:26:21+00:00,2024-09-06T09:26:21+00:00,Fuente imagen: http://www.jdiezarnal.com/valenciaiglesiadenuestrasenoradelrosario.html,"[39.46484243411425, -0.3319612040187053]",ADM_GIS,Ruta Turismo Barrio,"{'coordinates': [-0.3319612040187053, 39.46484243411425], 'type': 'Point'}",182,ADM_GIS,6-IGLESIA NUESTRA SEÑORA DEL ROSARIO
{D5A62704-0FCA-4016-9135-9F6E26457437},,2024-09-06T09:26:21+00:00,2024-09-06T09:26:21+00:00,,"[39.4752262982099, -0.40757830500854064]",ADM_GIS,Ruta Accesible Jardin Turia,"{'coordinates': [-0.40757830500854064, 39.4752262982099], 'type': 'Point'}",183,ADM_GIS,15-MIRADOR DEL MORRO
{DBB05D89-A184-42A9-877D-B006B7E3D761},https://www.valencia.es/documents/20142/20876515/7.2+Palau+Vel%C3%B3dromo+Lu%C3%ADs+Puig.pdf/30f9cc7f-588f-eb2c-25db-858ff111b570?t=1668584153771,2024-09-06T09:26:21+00:00,2024-09-06T09:26:21+00:00,Fuente imagen: https://luispuig.org/07-el-legado/,"[39.50144164422513, -0.4269309778575922]",ADM_GIS,Ruta Turismo Barrio,"{'coordinates': [-0.4269309778575922, 39.50144164422513], 'type': 'Point'}",186,ADM_GIS,7-VELÓDROMO LLUÍS PUIG
{DBDB40AA-EAF0-4956-96C7-14641473EA8D},https://www.valencia.es/documents/20142/28833480/CAS+3-Playa+del+Arbre+del+Gos.pdf/2c05e1bf-ebdb-797d-8129-374d7fae6e6e?t=1721029422652,2024-09-06T09:26:21+00:00,2024-09-06T09:26:21+00:00,,"[39.40915380853156, -0.3328642825559421]",ADM_GIS,Ruta Turismo Barrio,"{'coordinates': [-0.3328642825559421, 39.40915380853156], 'type': 'Point'}",187,ADM_GIS,3-Playa de l'Arbre del Gos
{DF2FCD83-9CC0-4D8B-8A7C-75EF7A2C704C},https://www.valencia.es/documents/20142/24896899/11.+ESTADI+CIUTAT+DE+VAL%C3%88NCIA.pdf/c47acab1-fb58-5a47-0b34-9a339829c759?t=1719906100159,2024-09-06T09:26:21+00:00,2024-09-06T09:26:21+00:00,"uente imagen:  Styko Na Stadionach, http://stadiumdb.com/stadiums/esp/estadi_ciutat_de_valencia","[39.49427184718392, -0.36486578942740805]",ADM_GIS,Ruta Turismo Barrio,"{'coordinates': [-0.36486578942740805, 39.49427184718392], 'type': 'Point'}",188,ADM_GIS,11-ESTADIO CIUDAD DE VALÈNCIA
{332CE8FE-B95A-4FB3-8DA6-4227A3B22944},,2024-09-06T09:26:21+00:00,2024-09-06T09:26:21+00:00,,"[39.47766414722139, -0.3922199760767172]",ADM_GIS,Ruta Accesible Jardin Turia,"{'coordinates': [-0.3922199760767172, 39.47766414722139], 'type': 'Point'}",102,ADM_GIS,12-ESTADIO DE ATLETISMO
{06E43E58-9FB8-49F4-8299-C48B9F243281},https://www.valencia.es/documents/20142/25335565/Recurso+4+Museo+de+Arroz+%28Rev%292.pdf/715b531a-2115-06f0-0158-facf00c9ef4f?t=1699009595859,2024-09-06T09:26:21+00:00,2024-09-06T09:26:21+00:00,Fuente imagen: https://www.visitvalencia.com/que-hacer-valencia/cultura-valenciana/museos-en-valencia/museo-arroz,"[39.4631757351603, -0.3319088754123649]",ADM_GIS,,"{'coordinates': [-0.3319088754123649, 39.4631757351603], 'type': 'Point'}",88,ADM_GIS,4-MUSEO DEL ARROZ
{13A5F172-4CCB-4ED2-A97F-ECE87B275B51},https://www.valencia.es/documents/20142/28886943/CAS+4-Cantera+de+les+Dos+Llometes.pdf/02ce756b-7d02-637a-593b-6ce8a8c43571?t=1720770165543,2024-09-06T09:26:21+00:00,2024-09-06T09:26:21+00:00,Fuente imagen: 19Tarrestnom65,"[39.5462928271881, -0.41522228395850214]",ADM_GIS,Ruta Turismo Barrio,"{'coordinates': [-0.41522228395850214, 39.5462928271881], 'type': 'Point'}",91,ADM_GIS,4-Cantera de les dos llometes
{20469F13-471C-43C7-999A-DDA94C201AF2},https://www.valencia.es/documents/20142/24896899/10.+PARROQUIA+DE+NUESTRA+SE%C3%91ORA.pdf/aa749f2e-f512-81fd-fadb-c8de8d178c43?t=1719906099671,2024-09-06T09:26:21+00:00,2024-09-06T09:26:21+00:00,Fuente imagen: http://www.jdiezarnal.com/valenciaiglesiasantacatalinasiena.html,"[39.49489693285993, -0.36601377516039096]",ADM_GIS,Ruta Turismo Barrio,"{'coordinates': [-0.36601377516039096, 39.49489693285993], 'type': 'Point'}",96,ADM_GIS,10-PARROQUIA DE NUESTRA SEÑORA DEL SAGRADO CORAZÓN
{2082AF09-B8CE-4ADE-B965-EFDD845D45CE},https://www.valencia.es/documents/20142/20876515/4.2+Sociedad+Instructiva+del+Obrero+Agr%C3%ADcola+y+Musical+de+Benimamet.pdf/e39d462b-8b24-adae-2abb-860ec96547b3?t=1668584152144,2024-09-06T09:26:21+00:00,2024-09-06T09:26:21+00:00,Fuente imagen: http://www.jdiezarnal.com/benimametcasino.html,"[39.50057343432486, -0.41879717880622164]",ADM_GIS,Ruta Turismo Barrio,"{'coordinates': [-0.41879717880622164, 39.50057343432486], 'type': 'Point'}",97,ADM_GIS,4-SOCIEDAD INSTRUCTIVA DEL OBRERO AGRÍCOLA Y MUSICAL DE BENIMÁMET
{2B5F4FA8-E2C8-4340-9483-C44FD0BA9ED4},https://www.valencia.es/documents/20142/20876515/9.2+Las+Carolinas.+Parque+Lineal.pdf/8200b2f8-36a1-6658-6897-cc599bba164f?t=1668584154699,2024-09-06T09:26:21+00:00,2024-09-06T09:26:21+00:00,Fuente imagen: http://www.jdiezarnal.com/benimametparquelineal.html,"[39.500253674306954, -0.42336364042038105]",ADM_GIS,Ruta Turismo Barrio,"{'coordinates': [-0.42336364042038105, 39.500253674306954], 'type': 'Point'}",101,ADM_GIS,9-LES CAROLINES-PARQUE LINEAL
{441DAE38-AE46-4496-9188-6095F1F93242},https://www.valencia.es/documents/20142/25335565/Recurso+1+Balneario+Las+Arenas+%28Rev%292.pdf/91448a6a-bc2d-6ea4-aa83-ea5864953840?t=1699009594263,2024-09-06T09:26:21+00:00,2024-09-06T09:26:21+00:00,"Fuente imagen: skyscrapercity.com, Remember València (I), pág. 339","[39.46663463641502, -0.32491270250325155]",ADM_GIS,Ruta Turismo Barrio,"{'coordinates': [-0.32491270250325155, 39.46663463641502], 'type': 'Point'}",114,ADM_GIS,1-BALNEARIO LAS ARENAS
{4817303F-D569-4741-AFE2-199D70A15588},https://www.valencia.es/documents/20142/24550995/8.+IGLESIA+DE+SANTA+MAR%C3%8DA+DE+JES%C3%9ASs.pdf/1889a9f9-de36-6f22-9f18-ec78a9de5e84?t=1693987177103,2024-09-06T09:26:21+00:00,2024-09-06T09:26:21+00:00,Fuente imagen: http://www.jdiezarnal.com/valenciaiglesiadesantamariadejesus.html,"[39.4599164690886, -0.38901591118442813]",ADM_GIS,Ruta Turismo Barrio,"{'coordinates': [-0.38901591118442813, 39.4599164690886], 'type': 'Point'}",115,ADM_GIS,8-PARROQUIA DE SANTA MARÍA DE JESÚS
{48A097A7-0CDC-46CD-9287-5F4CE4994D5A},https://www.valencia.es/documents/20142/25335565/Recurso+8+L%27+escorxador+%28Rev%292.pdf/966cd8ec-f3ab-c6a4-fb30-4f2097288ae1?t=1699009597983,2024-09-06T09:26:21+00:00,2024-09-06T09:26:21+00:00,Fuente imagen: https://www.openhousevalencia.org/portfolio/escorxador/,"[39.469219821176964, -0.3318679889707744]",ADM_GIS,,"{'coordinates': [-0.3318679889707744, 39.469219821176964], 'type': 'Point'}",116,ADM_GIS,8-L'ESCORXADOR
{4910620E-B22B-49D0-B76E-1F834A094A3D},https://www.valencia.es/documents/20142/28833480/CAS+4-Alqueria+de+Alba+y+ermita.pdf/51a1e556-8178-4ff5-fc76-db86d15a8e27?t=1721028782662,2024-09-06T09:26:21+00:00,2024-09-06T09:26:21+00:00,,"[39.43740191141944, -0.40227857366904995]",ADM_GIS,Ruta Turismo Barrio,"{'coordinates': [-0.40227857366904995, 39.43740191141944], 'type': 'Point'}",117,ADM_GIS,4-Alquería de Alba y Ermita
{50D6C1DE-CA9F-4AC1-B683-D4BCCE3F761E},https://www.valencia.es/documents/20142/28833480/CAS+2-La+Casa+Forestal+de+El+Saler.pdf/d8ac9af8-9a41-da88-4471-eea4853d82fd?t=1721030584347,2024-09-06T09:26:21+00:00,2024-09-06T09:26:21+00:00,,"[39.38177361721662, -0.3259999901455966]",ADM_GIS,Ruta Turismo Barrio,"{'coordinates': [-0.3259999901455966, 39.38177361721662], 'type': 'Point'}",120,ADM_GIS,2-Casa forestal El Saler
{5A1AF775-ED42-4242-92EC-2E5E976DC24F},https://www.valencia.es/documents/20142/24550995/6.+GRUPO+DE+VIVIENDAS+VIRGEN+DE+LOS+DESAMPARADOS+DE+PATRAIX.pdf/a453f667-840d-981e-ac09-3e70340f1551?t=1693987176142,2024-09-06T09:26:21+00:00,2024-09-06T09:26:21+00:00,Fuente imagen: https://docomomoiberico.com/edificios/grupo-de-viviendas-virgen-de-los-desamparados/,"[39.459972999910335, -0.3917616198071585]",ADM_GIS,Ruta Turismo Barrio,"{'coordinates': [-0.3917616198071585, 39.459972999910335], 'type': 'Point'}",122,ADM_GIS,6- GRUPO DE VIVIENDAS VIRGEN DE LOS DESAMPARADOS DE PATRAIX
{5BC810CF-58B0-435B-B629-5895393459AB},https://www.valencia.es/documents/20142/25335565/Recurso+11+Edificio+Uni%C3%B3n+de+Pescadores+%28Rev%29.pdf/c2d8125e-a8bd-7d70-8c82-eb5e67cf8502?t=1699009599498,2024-09-06T09:26:21+00:00,2024-09-06T09:26:21+00:00,Fuente imagen: http://www.jdiezarnal.com/valenciaelcasinet.html,"[39.47206308077043, -0.32945802390986156]",ADM_GIS,,"{'coordinates': [-0.32945802390986156, 39.47206308077043], 'type': 'Point'}",123,ADM_GIS,11-EDIFICIO DE LA UNIÓN DE PESCADORES
{7343B8E5-4C1F-4D98-8690-7F79E954CB9D},https://www.valencia.es/documents/20142/15189791/5_aerodromo_cast.pdf/60dc4bda-75bf-40a2-3fc3-ab6d4fae5df3?t=1636634337051,2024-09-06T09:26:21+00:00,2024-09-06T09:26:21+00:00,Fuente imagen: https://valenciaactua.es/malvarrosa-nacida-del-agua-tres-alquerias/,"[39.479116891024375, -0.3257342695108935]",ADM_GIS,Ruta Turismo Barrio,"{'coordinates': [-0.3257342695108935, 39.479116891024375], 'type': 'Point'}",131,ADM_GIS,5-ANTIGUO AERÓDROMO DE LA MALVA-ROSA
{7EA33186-75AB-4792-AD2B-3E08AD939413},https://www.valencia.es/documents/20142/28833480/CAS+2-Iglesia+Nra+Sra+Gracia.pdf/f62696bf-05f0-7a6c-f869-0e92a8fb0c55?t=1721028776728,2024-09-06T09:26:21+00:00,2024-09-06T09:26:21+00:00,,"[39.43537179161578, -0.3913083377735326]",ADM_GIS,Ruta Turismo Barrio,"{'coordinates': [-0.3913083377735326, 39.43537179161578], 'type': 'Point'}",136,ADM_GIS,2-Iglesia Nuestra Señora de Gracia
{89E798CC-5F1F-48C6-B34D-F756FDF75EBE},https://www.valencia.es/documents/20142/15189791/4_plaza_robillard_cast.pdf/cb6e72f4-e238-892a-1bae-6808c8ec5e50?t=1636634336901,2024-09-06T09:26:21+00:00,2024-09-06T09:26:21+00:00,Fuente imagen: https://www.valenciabonita.es/2015/10/16/sabias-que-el-nombre-del-barrio-de-la-malvarrosa-se-debe-al-botanico-felix-robillard/,"[39.48251259815593, -0.32806684834544164]",ADM_GIS,Ruta Turismo Barrio,"{'coordinates': [-0.32806684834544164, 39.48251259815593], 'type': 'Point'}",139,ADM_GIS,4-PLAZA FÉLIX ROBILLARD
{8FD3A75B-A49E-42BA-B64B-4D28201B098E},https://www.valencia.es/documents/20142/28887099/VAL+3-Alqueria+Fonda.pdf/252aec0f-d865-5a03-aa44-bd1f9a5fff57?t=1720770196846,2024-09-06T09:26:21+00:00,2024-09-06T09:26:21+00:00,"Font imatge: Joanbanjo, CC BY-SA 4.0","[39.50163993968019, -0.38044628541042674]",ADM_GIS,Ruta Turismo Barrio,"{'coordinates': [-0.38044628541042674, 39.50163993968019], 'type': 'Point'}",141,ADM_GIS,3-Alquería Fonda
{934D1945-4E3C-42B2-A0D7-6716CCCFD099},https://www.valencia.es/documents/20142/20876515/5.2+Villas+modernistas+de+Benim%C3%A0met+y+Casa+natalicia+de+Santiago+Calatrava.pdf/b17d97af-1d18-e2a3-b3fa-e417eba830bc?t=1668584152912,2024-09-06T09:26:21+00:00,2024-09-06T09:26:21+00:00,Fuente imagen: https://www.valenciabonita.es/2021/05/03/ruta-benimamet/,"[39.502040794710354, -0.41902114325666256]",ADM_GIS,Ruta Turismo Barrio,"{'coordinates': [-0.41902114325666256, 39.502040794710354], 'type': 'Point'}",142,ADM_GIS,5-VILLAS MODERNISTAS DE BENIMÁMET
{93B343F0-B736-4476-BF77-F6467E0822E3},https://www.valencia.es/documents/20142/20875903/2.+Ajuntament+de+Benim%C3%A0met+-+Beniferri+i+Parr%C3%B2quia+de+Sant+Vicent+M%C3%A0rtir.pdf/18ecdf05-6b61-c983-f393-2ba593feb565?t=1668584014563,2024-09-06T09:26:21+00:00,2024-09-06T09:26:21+00:00,Fuente imagen: http://www.jdiezarnal.com/benimametedificiosayuntamiento.html https://es.wikipedia.org/wiki/Archivo:Benim%C3%A1met_-_Iglesia_San_Vicente_M%C3%A1rtir_01.jpg,"[39.49750920928228, -0.4186860618723611]",ADM_GIS,Ruta Turismo Barrio,"{'coordinates': [-0.4186860618723611, 39.49750920928228], 'type': 'Point'}",143,ADM_GIS,"2-AYUNTAMIENTO DE BENIMÁMET-BENIFERRI, PARROQUIA DE SAN VICENTE MÁRTIR"
{97187226-9E7A-4744-A895-B36ACDE78BA0},https://www.valencia.es/documents/20142/15189791/3_parroquia_vera_cast.pdf/4a98b12f-aba4-4055-1dcb-02870f0ed0be?t=1636634336724,2024-09-06T09:26:21+00:00,2024-09-06T09:26:21+00:00,Fuente imagen: http://www.jdiezarnal.com/valenciaiglesiademariainmaculadadevera.html,"[39.48455376490364, -0.32992293691457836]",ADM_GIS,Ruta Turismo Barrio,"{'coordinates': [-0.32992293691457836, 39.48455376490364], 'type': 'Point'}",147,ADM_GIS,3-IGLESIA PARROQUIAL DE MARÍA INMACULADA DE VERA
{98A42DF3-C7C0-49B8-9E09-19162F839CE7},https://www.valencia.es/documents/20142/28886943/CAS+5-Riurau+i+Mas+del+Fondo.pdf/8df3ab0a-aeda-cd64-92c2-c1704d89cfa6?t=1720770166553,2024-09-06T09:26:21+00:00,2024-09-06T09:26:21+00:00,Fuente imagen: https://www.uv.es/catedra-horta-valencia/es/catalogos-patrimonio/riurau-mas-del-fondo-massarrojos-1286073147434/CatalegPatrim.html?id=1286228247218,"[39.55471021290181, -0.4192885125585132]",ADM_GIS,Ruta Turismo Barrio,"{'coordinates': [-0.4192885125585132, 39.55471021290181], 'type': 'Point'}",148,ADM_GIS,5-Riurau y Mas del Fondo
{9A1D2E1D-111A-4434-AA52-5CD890DE9784},https://www.valencia.es/documents/20142/25335565/Recurso+3+Museo+Semana+Santa+Marinera+%28Rev%292.pdf/cc962326-1c1e-7d29-2402-d80880c13388?t=1699009595400,2024-09-06T09:26:21+00:00,2024-09-06T09:26:21+00:00,Fuente imagen: https://www.semanasantamarinera.org/museo/,"[39.463098081846994, -0.3319035106982312]",ADM_GIS,Ruta Turismo Barrio,"{'coordinates': [-0.3319035106982312, 39.463098081846994], 'type': 'Point'}",149,ADM_GIS,3-MUSEO SEMANA SANTA MARINERA
{9EE99997-3E9D-4F1D-BABB-AC470994BF40},,2024-09-06T09:26:21+00:00,2024-09-06T09:26:21+00:00,,"[39.45228168562897, -0.348140437800145]",ADM_GIS,Ruta Accesible Jardin Turia,"{'coordinates': [-0.348140437800145, 39.45228168562897], 'type': 'Point'}",152,ADM_GIS,1-OCEANOGRÀFIC
{A29EF0E8-7861-46DD-B5AB-A2AC2F5C12E5},https://valenciablancoynegro.blogspot.com/2023/12/massarrojos-parroquia-de-la-asuncion-y.html,2024-09-06T09:26:21+00:00,2024-09-06T09:26:21+00:00,Fuente imagen: https://valenciablancoynegro.blogspot.com/2023/12/massarrojos-parroquia-de-la-asuncion-y.html,"[39.53848463309817, -0.4038068016666777]",ADM_GIS,Ruta Turismo Barrio,"{'coordinates': [-0.4038068016666777, 39.53848463309817], 'type': 'Point'}",154,ADM_GIS,1-Iglesia de la Asunción y Santa Bárbara
{A5A00551-19C1-4ED4-BAAF-ED333BD563D6},https://www.valencia.es/documents/20142/28833480/CAS2-La+huerta+de+El+Forn+d%27Alcedo.pdf/4b18b881-9e1e-e7b9-8ed5-04c2a815f13a?t=1721988314240,2024-09-06T09:26:21+00:00,2024-09-06T09:26:21+00:00,,"[39.431485791587036, -0.3740818508150535]",ADM_GIS,Ruta Turismo Barrio,"{'coordinates': [-0.3740818508150535, 39.431485791587036], 'type': 'Point'}",155,ADM_GIS,2-La huerta de El Forn d'Alcedo
{A8630624-8276-4F49-854B-5E3CA1E798E7},https://www.valencia.es/documents/20142/20876515/11.2+LAS+CUEVAS.+PARQUE+LINEAL.+PARQUE+CAROLINAS.pdf/3366e3f2-81aa-a495-1e27-e9bcd206a15e?t=1668584155740,2024-09-06T09:26:21+00:00,2024-09-06T09:26:21+00:00,Fuente imagen: https://www.valenciabonita.es/2020/09/29/cuevas-de-benimamet/,"[39.50231541908363, -0.41603239386703195]",ADM_GIS,Ruta Turismo Barrio,"{'coordinates': [-0.41603239386703195, 39.50231541908363], 'type': 'Point'}",156,ADM_GIS,11-LAS CUEVAS-PARQUE LINEAL-PARQUE CAROLINAS
{B5594E99-8031-4689-B9DB-C6E1235506EC},https://www.valencia.es/documents/20142/25335565/Recurso+12+F%C3%A1brica+de+Hielo+%28Rev%29.pdf/112867aa-0bfc-2b54-60de-781c1bdfe697?t=1699009599973,2024-09-06T09:26:21+00:00,2024-09-06T09:26:21+00:00,Fuente imagen: https://www.lovevalencia.com/la-fabrica-de-hielo.html,"[39.46960111859128, -0.3248637492587164]",ADM_GIS,Ruta Turismo Barrio,"{'coordinates': [-0.3248637492587164, 39.46960111859128], 'type': 'Point'}",160,ADM_GIS,12-LA FÁBRICA DE HIELO
{BC2CD8E1-9735-4173-BDC6-6F61FDEB0388},https://www.valencia.es/documents/20142/25335565/Recurso+9+Teatro+de+Marionetas+Estrella+%28Rev%292.pdf/fe4c407e-d65d-232b-5c6c-d084c01cbba4?t=1699009598511,2024-09-06T09:26:21+00:00,2024-09-06T09:26:21+00:00,Fuente imagen: https://teatrolaestrella.com/sala-cabanyal/,"[39.46947967836743, -0.33134898227234033]",ADM_GIS,,"{'coordinates': [-0.33134898227234033, 39.46947967836743], 'type': 'Point'}",167,ADM_GIS,9-TEATRO DE MARIONETAS LA ESTRELLA
{BE5E2F21-DAEE-4F7E-AC54-FDF5BD5B5163},https://www.valencia.es/documents/20142/25335565/Recurso+7+Mercado+del+Cabanyal+%28Rev%292.pdf/37f75c8b-0c15-d742-e47a-1c5b2b03c1b9?t=1699009597456,2024-09-06T09:26:21+00:00,2024-09-06T09:26:21+00:00,Fuente imagen: https://www.levante-emv.com/valencia/2022/10/06/mercado-valencia-rehabilitado-forma-integral-76932269.html,"[39.46749702723869, -0.3332862148584802]",ADM_GIS,Ruta Turismo Barrio,"{'coordinates': [-0.3332862148584802, 39.46749702723869], 'type': 'Point'}",169,ADM_GIS,7-MERCADO DEL CABANYAL
{C24767C2-E5E0-41F3-B8DD-7CD12B753C38},https://www.valencia.es/documents/20142/25335565/Recurso+11+Edificio+Uni%C3%B3n+de+Pescadores+%28Rev%29.pdf/c2d8125e-a8bd-7d70-8c82-eb5e67cf8502?t=1699009599498,2024-09-06T09:26:21+00:00,2024-09-06T09:26:21+00:00,Fuente imagen: http://www.jdiezarnal.com/valenciaelcasinet.html,"[39.4720712143663, -0.32944707012009583]",ADM_GIS,Ruta Turismo Barrio,"{'coordinates': [-0.32944707012009583, 39.4720712143663], 'type': 'Point'}",171,ADM_GIS,11-EDIFICIO DE LA UNIÓN DE PESCADORES
{CB1E279C-3C2C-4F46-8294-87DBE6BDACD6},https://www.valencia.es/documents/20142/28833480/CAS+3-Alquerias+del+entorno+de+La+Torre.pdf/65283812-2213-4a42-7f69-4c4d341520f5?t=1721028779980,2024-09-06T09:26:21+00:00,2024-09-06T09:26:21+00:00,,"[39.4327781234741, -0.3955086780578401]",ADM_GIS,Ruta Turismo Barrio,"{'coordinates': [-0.3955086780578401, 39.4327781234741], 'type': 'Point'}",177,ADM_GIS,3-Alquerías del entorno de La Torre
{D8FF09AE-05FC-484A-9F03-8ECFE41FAE3F},https://www.valencia.es/documents/20142/28833480/CAS+2-Iglesia+Nuestra+Se%C3%B1ora+de+Lepanto.pdf/d43902a7-2576-245d-6a59-3b2cdb485c99?t=1721025181290,2024-09-06T09:26:21+00:00,2024-09-06T09:26:21+00:00,,"[39.429415475987945, -0.363553655627432]",ADM_GIS,Ruta Turismo Barrio,"{'coordinates': [-0.363553655627432, 39.429415475987945], 'type': 'Point'}",184,ADM_GIS,2-Iglesia Nuestra Señora de Lepanto
{DA668965-3151-49D4-8387-A697452E8779},https://www.valencia.es/documents/20142/25335565/Recurso+7+Mercado+del+Cabanyal+%28Rev%292.pdf/37f75c8b-0c15-d742-e47a-1c5b2b03c1b9?t=1699009597456,2024-09-06T09:26:21+00:00,2024-09-06T09:26:21+00:00,Fuente imagen: https://www.levante-emv.com/valencia/2022/10/06/mercado-valencia-rehabilitado-forma-integral-76932269.html,"[39.467498973057126, -0.33330792183335817]",ADM_GIS,,"{'coordinates': [-0.33330792183335817, 39.467498973057126], 'type': 'Point'}",185,ADM_GIS,7-MERCADO DEL CABANYAL
{E1FAE667-44B2-4A2C-9AD2-6CFFB5C79FB6},https://www.valencia.es/documents/20142/28833480/CAS+2-Ermita+del+Fiscal.pdf/2aa6f106-efa9-f23c-b3c7-804159f8ec65?t=1721030249329,2024-09-06T09:26:21+00:00,2024-09-06T09:26:21+00:00,,"[39.44688649751337, -0.35103578618916625]",ADM_GIS,Ruta Turismo Barrio,"{'coordinates': [-0.35103578618916625, 39.44688649751337], 'type': 'Point'}",189,ADM_GIS,2-Ermita del Fiscal
{E85A52D4-2622-4282-8BE6-0D3C7E36E05B},https://www.valencia.es/documents/20142/15189791/8_asilo_cast.pdf/9bfcfc2d-66de-6e15-a8a8-ba75c4430cdc?t=1636634337787,2024-09-06T09:26:21+00:00,2024-09-06T09:26:21+00:00,Fuente imagen: http://www.jdiezarnal.com/valenciaasilodesanjuandedios.html,"[39.47661180645282, -0.33085997029106823]",ADM_GIS,Ruta Turismo Barrio,"{'coordinates': [-0.33085997029106823, 39.47661180645282], 'type': 'Point'}",192,ADM_GIS,8-ASILO SAN JUAN DE DIOS
{EAD137BF-B2BB-4F44-9643-1D804532ABD6},,2024-09-06T09:26:21+00:00,2024-09-06T09:26:21+00:00,,"[39.475664185553065, -0.38639421728819434]",ADM_GIS,Ruta Accesible Jardin Turia,"{'coordinates': [-0.38639421728819434, 39.475664185553065], 'type': 'Point'}",193,ADM_GIS,11-JARDÍN BOTÁNICO
{F4E17933-9867-4314-AA9B-2DE799CC0AB6},https://www.valencia.es/documents/20142/28833480/CAS+5-Alquerias+de+la+huerta+de+Faitanar.pdf/ba2a0586-0643-1dfa-2df2-658b6f757215?t=1721028785704,2024-09-06T09:26:21+00:00,2024-09-06T09:26:21+00:00,,"[39.444357732837055, -0.40775027953000587]",ADM_GIS,Ruta Turismo Barrio,"{'coordinates': [-0.40775027953000587, 39.444357732837055], 'type': 'Point'}",197,ADM_GIS,5-Alquerías de la huerta de Faitanar
{F6878B2F-E5F4-405C-8F6A-980C1AEC161B},https://www.valencia.es/documents/20142/20876515/8.2+Chalet+y+Jard%C3%ADn+de+Panach.pdf/a008204b-acdd-a066-b31d-1a06f5bc1557?t=1668584154196,2024-09-06T09:26:21+00:00,2024-09-06T09:26:21+00:00,Fuente imagen: https://www.valenciabonita.es/2017/06/30/una-biblioteca-con-una-historia-que-contar-el-chalet-de-panach/,"[39.50136961024854, -0.422872027504254]",ADM_GIS,Ruta Turismo Barrio,"{'coordinates': [-0.422872027504254, 39.50136961024854], 'type': 'Point'}",198,ADM_GIS,8-CHALET Y JARDÍN DE PANACH
{F7B8EF43-C81D-48C9-BF94-CE43CCBE0709},https://www.valencia.es/documents/20142/28886741/CAS+3-Ermita+de+Sant+Roc+y+Calvario.pdf/add2fcb7-c64b-8e11-5e9d-9093dc834405?t=1720770072936,2024-09-06T09:26:21+00:00,2024-09-06T09:26:21+00:00,Fuente imagen: https://valenciablancoynegro.blogspot.com/2020/11/san-roque-carpesa.html,"[39.51859012999182, -0.3778423142735975]",ADM_GIS,Ruta Turismo Barrio,"{'coordinates': [-0.3778423142735975, 39.51859012999182], 'type': 'Point'}",199,ADM_GIS,3-Ermita de San Roque y calvario
{9712A498-718C-4124-AC8E-8C64C652CD03},https://www.valencia.es/documents/20142/28833480/CAS+3-+Lago+de+El+Saler.pdf/1032e82c-cfe8-6c99-bb5a-6e071338d773?t=1721030585637,2024-09-06T09:26:21+00:00,2024-09-06T09:26:21+00:00,,"[39.349188152241844, -0.3163815895194859]",ADM_GIS,Ruta Turismo Barrio,"{'coordinates': [-0.3163815895194859, 39.349188152241844], 'type': 'Point'}",146,ADM_GIS,3-LAGO DE EL SALER
{BBBDC3EB-CEDF-49C5-922B-550857614E92},,2024-09-06T09:26:21+00:00,2024-09-06T09:26:21+00:00,,"[39.45507344297937, -0.35074754551206266]",ADM_GIS,Ruta Accesible Jardin Turia,"{'coordinates': [-0.35074754551206266, 39.45507344297937], 'type': 'Point'}",164,ADM_GIS,3-MUSEO DE LAS CIENCIAS
{03EE2735-B80F-439D-B902-1010B675F548},https://www.valencia.es/documents/20142/20876515/12.1+Parroquia+de+Santiago+Ap%C3%B3stol+el+Mayor.pdf/8cc99c2d-e82b-edef-4219-9de89da69e71?t=1668584156198,2024-09-06T09:26:21+00:00,2024-09-06T09:26:21+00:00,Fuente imagen: https://www.visitvalencia.com/que-hacer-valencia/cultura-valenciana/monumentos-en-valencia/palacio-congresos-valencia,"[39.49521100297487, -0.4023701894665739]",ADM_GIS,Ruta Turismo Barrio,"{'coordinates': [-0.4023701894665739, 39.49521100297487], 'type': 'Point'}",84,ADM_GIS,13-PALACIO DE CONGRESOS
{0427F507-58FD-4AED-8966-D4FE1F4394E0},https://www.valencia.es/documents/20142/24550995/3.+EL+BARRIO+HIST%C3%93RICO+DE+PATRAIX.pdf/db1084d2-2a3e-9781-db49-5b6e361b5926?t=1693987180534,2024-09-06T09:26:21+00:00,2024-09-06T09:26:21+00:00,Fuente: https://www.patraix.org/es/barrio-de-patraix/antiguo-ayuntamiento-patraix/,"[39.462482876097184, -0.3925289995514738]",ADM_GIS,Ruta Turismo Barrio,"{'coordinates': [-0.3925289995514738, 39.462482876097184], 'type': 'Point'}",86,ADM_GIS,3-EL BARRIO HISTÓRICO DE PATRAIX
{05EB6D1E-DAD0-46D7-B884-CB8D8E25C9DB},https://www.valencia.es/documents/20142/24896899/9.+BIBLIOTECA+MUNICIPAL+JOS%C3%89+MAR%C3%8DA+BAYARRI.pdf/3a3023c6-190c-9117-8818-aa1e81f95b1d?t=1719906099230,2024-09-06T09:26:21+00:00,2024-09-06T09:26:21+00:00,Fuente imagen: https://orriolsenpositivo.blogspot.com/2020/07/biblioteca-municipal-josep-maria-bayarri.html,"[39.49683010868789, -0.36863697581911764]",ADM_GIS,Ruta Turismo Barrio,"{'coordinates': [-0.36863697581911764, 39.49683010868789], 'type': 'Point'}",87,ADM_GIS,9-ALQUERÍA D'ALBORS-BIBLIOTECA JOSE BAYARRI
{15C5C560-381D-4064-976C-6FB099E44CE7},https://www.valencia.es/documents/20142/25335565/Recurso+9+Teatro+de+Marionetas+Estrella+%28Rev%292.pdf/fe4c407e-d65d-232b-5c6c-d084c01cbba4?t=1699009598511,2024-09-06T09:26:21+00:00,2024-09-06T09:26:21+00:00,Fuente imagen: https://teatrolaestrella.com/sala-cabanyal/,"[39.469442352674044, -0.331356366042229]",ADM_GIS,Ruta Turismo Barrio,"{'coordinates': [-0.331356366042229, 39.469442352674044], 'type': 'Point'}",92,ADM_GIS,9-TEATRO DE MARIONETAS LA ESTRELLA
{18F59E09-7986-4B18-B56F-7535DA8FC771},https://www.valencia.es/documents/20142/24550995/7.+EL+CONVENTO+DE+JES%C3%9AS.pdf/18322ead-d0d3-42a6-7132-3f366a357b4a?t=1693987176618,2024-09-06T09:26:21+00:00,2024-09-06T09:26:21+00:00,Fuente imagen: https://cultural.valencia.es/es/monument/antiguo-convento-de-jesus/,"[39.460326496631225, -0.38971060429182475]",ADM_GIS,Ruta Turismo Barrio,"{'coordinates': [-0.38971060429182475, 39.460326496631225], 'type': 'Point'}",94,ADM_GIS,7-CONVENTO DE JESÚS
{1FDA9637-E711-4C6B-8CEF-B6332F3ED56F},https://www.valencia.es/documents/20142/25335565/Recurso+6+Iglesia+Nuestro+Sra.+del+Rosario+%28Rev%292.pdf/be6b8e25-0e77-67e1-dca3-3c1b896d758d?t=1699009596949,2024-09-06T09:26:21+00:00,2024-09-06T09:26:21+00:00,Fuente imagen: http://www.jdiezarnal.com/valenciaiglesiadenuestrasenoradelrosario.html,"[39.464845159193054, -0.33197787805090423]",ADM_GIS,,"{'coordinates': [-0.33197787805090423, 39.464845159193054], 'type': 'Point'}",95,ADM_GIS,6-IGLESIA NUESTRA SEÑORA DEL ROSARIO
{2B3E2EDE-F424-47C3-990D-FFFCD6C12B9A},Más información en: https://www.valencia.es/documents/20142/24896899/5.+CEMENTERIO+ROMANO+DE+ORRIOLS.pdf/e0ffb502-a2c0-3fd1-96e4-8dc988b2593f?t=1719906096927,2024-09-06T09:26:21+00:00,2024-09-06T09:26:21+00:00,,"[39.496885991892896, -0.3708095649529259]",ADM_GIS,Ruta Turismo Barrio,"{'coordinates': [-0.3708095649529259, 39.496885991892896], 'type': 'Point'}",100,ADM_GIS,5-CEMENTERIO ROMANO ORRIOLS
{34D15AFE-ED96-48E0-8415-6F1DC0428F5E},https://www.valencia.es/documents/20142/28833480/CAS+1-N%C3%BAcleo+primitivo+de+Castellar.pdf/cb545f61-115e-dc74-6fa9-b11f9678b760?t=1721025180605,2024-09-06T09:26:21+00:00,2024-09-06T09:26:21+00:00,Fuente imagen: Cartografía Municipal 1929‐1945,"[39.430146802936434, -0.3634731892180529]",ADM_GIS,Ruta Turismo Barrio,"{'coordinates': [-0.3634731892180529, 39.430146802936434], 'type': 'Point'}",104,ADM_GIS,1-Núcleo primitivo de Castellar
{353A5345-403A-4F22-9647-5A4C323EBB87},https://www.valencia.es/documents/20142/25335565/Recurso+5+Teatro+El+Musical+%28Rev%292.pdf/7dc8baa6-a6fd-265f-5d60-30221be4915c?t=1699009596413,2024-09-06T09:26:21+00:00,2024-09-06T09:26:21+00:00,Fuente imagen: https://www.valenciabonita.es/2017/06/19/teatre-el-musical/,"[39.46470162602441, -0.33200948416543674]",ADM_GIS,Ruta Turismo Barrio,"{'coordinates': [-0.33200948416543674, 39.46470162602441], 'type': 'Point'}",105,ADM_GIS,5-TEATRO EL MUSICAL
{407218E0-5A3A-4F0E-BEC9-4CE2B2F687DC},,2024-09-06T09:26:21+00:00,2024-09-06T09:26:21+00:00,,"[39.45698701662624, -0.3543095186222638]",ADM_GIS,Ruta Accesible Jardin Turia,"{'coordinates': [-0.3543095186222638, 39.45698701662624], 'type': 'Point'}",110,ADM_GIS,5-HEMISFÈRIC
{409FC74B-5A32-46F9-AF88-197A09677D77},Más información en: https://www.valencia.es/documents/20142/24896899/8.+CENTRO+MUNICIPAL+DE+JUVENTUD.pdf/f514f27c-2080-e661-9d3f-4314213db8ee?t=1719906098723,2024-09-06T09:26:21+00:00,2024-09-06T09:26:21+00:00,,"[39.49690875916233, -0.3689373828530725]",ADM_GIS,Ruta Turismo Barrio,"{'coordinates': [-0.3689373828530725, 39.49690875916233], 'type': 'Point'}",111,ADM_GIS,8-ALQUERÍA DE ALBORS-CENTRO MUNICIPAL DE JUVENTUD
{43F42EAB-9EB7-43A4-BB47-720FA9318478},https://www.valencia.es/documents/20142/25335565/Recurso+10+Iglesia+de+Ntra.+Sra.+de+los+%C3%81ngeles+%28Rev%292.pdf/e59f8654-32c4-2a49-647e-7ec4f53424bf?t=1699009599019,2024-09-06T09:26:21+00:00,2024-09-06T09:26:21+00:00,"Fuente imagen: https://commons.wikimedia.org/wiki/File:Iglesia_Nuestra_Se%C3%B1ora_de_los_%C3%81ngeles,_Valencia_01.jpg","[39.4725703495124, -0.33189749395826723]",ADM_GIS,,"{'coordinates': [-0.33189749395826723, 39.4725703495124], 'type': 'Point'}",113,ADM_GIS,10-PARROQUIA NUESTRA SEÑORA DE LOS ÁNGELES
{4D878769-614E-48DD-9071-25CEBC224BF6},https://www.valencia.es/documents/20142/20876515/1.+Cruz+Termino+de+Benim%C3%A0met.pdf/caf6f6dd-8a9b-06dd-bb60-a9e5c4cfacb5?t=1668587947839,2024-09-06T09:26:21+00:00,2024-09-06T09:26:21+00:00,Fuente imagen: http://www.jdiezarnal.com/valenciacrucesdetermino.html,"[39.497511278549176, -0.420686990023762]",ADM_GIS,Ruta Turismo Barrio,"{'coordinates': [-0.420686990023762, 39.497511278549176], 'type': 'Point'}",119,ADM_GIS,1-CRUZ DE TÉRMINO DE BENIMÁMET
{5454B61B-2DDE-435A-BD55-074CACD03EFC},https://www.valencia.es/documents/20142/28833480/CAS+3-El+Tremolar.pdf/e7d5306a-45e1-9e15-98d2-c9e374a9e01e?t=1721025182065,2024-09-06T09:26:21+00:00,2024-09-06T09:26:21+00:00,,"[39.42196983750846, -0.35316062087514066]",ADM_GIS,Ruta Turismo Barrio,"{'coordinates': [-0.35316062087514066, 39.42196983750846], 'type': 'Point'}",121,ADM_GIS,3-El tremolar
{5E05D884-08B6-44A5-BA76-2A33B2334F58},https://www.valencia.es/documents/20142/28886615/CAS+4-Lleng%C3%BCes+de+Ferr%C3%BAs.pdf/9dec575e-d01b-613b-b036-c0fa0a55bbd3?t=1720770051059,2024-09-06T09:26:21+00:00,2024-09-06T09:26:21+00:00,Fuente imagen: https://www.uv.es/catedra-horta-valencia/es/catalogos-patrimonio/llengues-ferrus-borboto-1286073147434/CatalegPatrim.html?id=1286094038336,"[39.511903440696614, -0.3961689712499217]",ADM_GIS,Ruta Turismo Barrio,"{'coordinates': [-0.3961689712499217, 39.511903440696614], 'type': 'Point'}",124,ADM_GIS,4-Lenguas de Ferrús-Borbotó
{60F05D9A-9D0C-4562-9875-E74CB0FC727C},https://www.valencia.es/documents/20142/28833480/CAS+1-Iglesia+Pur%C3%ADsima+Concepci%C3%B3n+La+Punta.pdf/61e40ee4-fed9-198b-9458-3f2e2f8d3334?t=1721030246226,2024-09-06T09:26:21+00:00,2024-09-06T09:26:21+00:00,,"[39.44554846431743, -0.3397114997284604]",ADM_GIS,Ruta Turismo Barrio,"{'coordinates': [-0.3397114997284604, 39.44554846431743], 'type': 'Point'}",125,ADM_GIS,1-Iglesia de la Purísima Concepción
{6C9AEA73-0143-41C9-AFFF-8648F0742E87},https://www.valencia.es/documents/20142/24896899/3.+N%C3%9ACLEO+HIST%C3%93RICO+TRADICIONAL.pdf/175f9335-8c49-e929-9f35-b65ff420d661?t=1719906095838,2024-09-06T09:26:21+00:00,2024-09-06T09:26:21+00:00,"Fuente imagen: Francisco Ponce León, Jesús Tamarit, Pedro Bentabol y Antonio González Samper","[39.492846310477205, -0.36925188444978285]",ADM_GIS,Ruta Turismo Barrio,"{'coordinates': [-0.36925188444978285, 39.492846310477205], 'type': 'Point'}",127,ADM_GIS,3-NÚCLEO HISTÓRICO TRADICIONAL
{701BE555-82F0-47A6-B050-B1A0F4BCC75D},https://www.valencia.es/documents/20142/24571183/1.+PLA%C3%87A+DE+PATRAIX.pdf/a2dd28f6-50b7-f8a2-dec4-bda56addbc3b?t=1693995089965,2024-09-06T09:26:21+00:00,2024-09-06T09:26:21+00:00,Fuente imagen: https://www.patraix.org/es/barrio-de-patraix/plaza-de-patraix/ más información del recurso,"[39.46300036329554, -0.39227834554994395]",ADM_GIS,Ruta Turismo Barrio,"{'coordinates': [-0.39227834554994395, 39.46300036329554], 'type': 'Point'}",129,ADM_GIS,1-PLAZA DE PATRAIX
{719E0CE6-7074-472C-AD65-4A98E371CC64},,2024-09-06T09:26:21+00:00,2024-09-06T09:26:21+00:00,,"[39.45557876466787, -0.3535799581275984]",ADM_GIS,Ruta Accesible Jardin Turia,"{'coordinates': [-0.3535799581275984, 39.45557876466787], 'type': 'Point'}",130,ADM_GIS,4-L'UMBRACLE
{7690D137-D0A2-4D4B-A6F6-2325FCBAEA41},https://www.valencia.es/documents/20142/24896899/1.+JARD%C3%8DN+ERMITA+DE+SAN+JER%C3%93NIMO.pdf/35ae8721-fcf8-f56d-91e5-bde8d10e1550?t=1719906094771,2024-09-06T09:26:21+00:00,2024-09-06T09:26:21+00:00,"Fuente imagen: Foto E. Goñi, noviembre 2019. https://valenciablancoynegro.blogspot.com/2021/03/orriols-san-jeronimo.html","[39.49349831661743, -0.36922506210541445]",ADM_GIS,Ruta Turismo Barrio,"{'coordinates': [-0.36922506210541445, 39.49349831661743], 'type': 'Point'}",132,ADM_GIS,1-JARDÍN ERMITA SAN JERÓNIMO
{76F56E09-7D85-4D24-92ED-C8A73D78DB97},https://www.valencia.es/documents/20142/28833480/CAS+2-Creu+de+la+Conca.pdf/e1a8ec6d-99e6-7ff2-f246-8d248458ae90?t=1721029421349,2024-09-06T09:26:21+00:00,2024-09-06T09:26:21+00:00,,"[39.421868655260624, -0.33429121720422994]",ADM_GIS,Ruta Turismo Barrio,"{'coordinates': [-0.33429121720422994, 39.421868655260624], 'type': 'Point'}",133,ADM_GIS,2-La creu de la Conca
{7D3CE0B2-E1A6-4DB5-AFA8-49C87377AF02},,2024-09-06T09:26:21+00:00,2024-09-06T09:26:21+00:00,,"[39.46596602790649, -0.3610160461741591]",ADM_GIS,Ruta Accesible Jardin Turia,"{'coordinates': [-0.3610160461741591, 39.46596602790649], 'type': 'Point'}",135,ADM_GIS,8-PALAU DE LA MÚSICA
{814C5941-C7FA-4C01-A8E0-F8BE97C2DCDD},https://www.valencia.es/documents/20142/28886550/CAS+2-N%C3%BAcleo+primitivo+de+Benifaraig.pdf/2c1ec0fb-b489-db6b-547d-7b88428e8377?t=1720770026688,2024-09-06T09:26:21+00:00,2024-09-06T09:26:21+00:00,Fuente imagen: http://www.jdiezarnal.com/valenciacrucesdetermino.html#cruz13,"[39.52945693055973, -0.3884411747002051]",ADM_GIS,Ruta Turismo Barrio,"{'coordinates': [-0.3884411747002051, 39.52945693055973], 'type': 'Point'}",137,ADM_GIS,2-Núcleo primitivo de Benifaraig
{8735C4AC-EBA4-42D0-B8CA-7CFFC1CD9667},,2024-09-06T09:26:21+00:00,2024-09-06T09:26:21+00:00,,"[39.45306040645549, -0.3504793243900545]",ADM_GIS,Ruta Accesible Jardin Turia,"{'coordinates': [-0.3504793243900545, 39.45306040645549], 'type': 'Point'}",138,ADM_GIS,2-ÁGORA
{93DA0AE5-C2AC-4A14-941F-3F2B3C48DB6E},https://www.valencia.es/documents/20142/15189791/9_playa_cast.pdf/6b4fd598-98c6-f71a-3b7c-0f1f49b32c65?t=1636634337932,2024-09-06T09:26:21+00:00,2024-09-06T09:26:21+00:00,Fuente imagen: https://www.easyviajar.com/noticias/noticia-3129,"[39.477270176342905, -0.3246211520902036]",ADM_GIS,Ruta Turismo Barrio,"{'coordinates': [-0.3246211520902036, 39.477270176342905], 'type': 'Point'}",144,ADM_GIS,9-PLAYA DE LA MALVA-ROSA
{948CC8D3-9F58-420A-881F-02782EEF5262},https://www.valencia.es/documents/20142/24550995/10.+ESCULTURAS+DEL+HUERTO+DE+PONTONS.pdf/64b93d47-99ca-9b24-45ec-68866b9bcab2?t=1693987178053,2024-09-06T09:26:21+00:00,2024-09-06T09:26:21+00:00,Fuente imagen: https://archivocatedraldevalencia.com/personajes/pontons-garcia-antonio/,"[39.46467682815771, -0.3909132591848684]",ADM_GIS,Ruta Turismo Barrio,"{'coordinates': [-0.3909132591848684, 39.46467682815771], 'type': 'Point'}",145,ADM_GIS,10-ESCULTURAS DEL HUERTO DE PONTONS
{9D0CD1E9-BA9B-41A1-A949-5612BE76BEDC},https://www.valencia.es/documents/20142/24550995/4.+LA+ACEQUIA+DE+FAVARA.pdf/cd39c590-7b0c-ac26-51e3-2cacbba756ee?t=1693987181012,2024-09-06T09:26:21+00:00,2024-09-06T09:26:21+00:00,Fuente imagen: https://valenciablancoynegro.blogspot.com/2013/09/acequias-al-descubierto.html,"[39.46137137844866, -0.39171360839906094]",ADM_GIS,Ruta Turismo Barrio,"{'coordinates': [-0.39171360839906094, 39.46137137844866], 'type': 'Point'}",151,ADM_GIS,4-LA ACEQUIA DE FAVARA
{B3D6083A-3AE1-491A-B5B4-67DC99755420},https://www.valencia.es/documents/20142/28886615/CAS+3-Iglesia+de+Santa+Ana.pdf/d13108eb-e29b-6ba5-145d-3c3753184df4?t=1720770050107,2024-09-06T09:26:21+00:00,2024-09-06T09:26:21+00:00,Fuente imagen: https://arquitectosdevalencia.es/arquitectura/iglesia-de-santa-ana-de-borboto/,"[39.515201920459035, -0.39056926532730346]",ADM_GIS,Ruta Turismo Barrio,"{'coordinates': [-0.39056926532730346, 39.515201920459035], 'type': 'Point'}",159,ADM_GIS,3-Iglesia de Santa Ana
{B7FB8C69-4DDA-43D1-BFAB-D702E33E5729},https://www.valencia.es/documents/20142/28887099/VAL+4-Alqueries+del+Pi+i+Nova+de+Sant+Josep.pdf/68766444-5c9b-4310-5010-f3e131d8bb70?t=1720770197675,2024-09-06T09:26:21+00:00,2024-09-06T09:26:21+00:00,"Font imatge: Font imatge: M del Rey i Altres. Valencia, 2002","[39.500263636042476, -0.3845232430787883]",ADM_GIS,Ruta Turismo Barrio,"{'coordinates': [-0.3845232430787883, 39.500263636042476], 'type': 'Point'}",162,ADM_GIS,4-Alquería del Pi y Nova de Sant Josep
{BBF14329-649C-413C-B9F8-7571B756530C},https://www.valencia.es/documents/20142/28833480/CAS+4-Alqueria+El+Brosquil.pdf/46c3a2ce-82eb-9fe4-36f3-7120ee608969?t=1721025182959,2024-09-06T09:26:21+00:00,2024-09-06T09:26:21+00:00,,"[39.427081224609616, -0.3509504797827967]",ADM_GIS,Ruta Turismo Barrio,"{'coordinates': [-0.3509504797827967, 39.427081224609616], 'type': 'Point'}",166,ADM_GIS,4-Alquería de Brosquil
{BD7FECAD-3773-4534-9555-610A862AF852},https://www.valencia.es/documents/20142/28886943/VAL+2-Nucleo+historico+Massarrojos.pdf/da8ca03f-c45c-8a1b-a532-f3c7c7c33e34?t=1720770172704,2024-09-06T09:26:21+00:00,2024-09-06T09:26:21+00:00,,"[39.53891695081575, -0.40413671397951667]",ADM_GIS,Ruta Turismo Barrio,"{'coordinates': [-0.40413671397951667, 39.53891695081575], 'type': 'Point'}",168,ADM_GIS,2-Núcleo histórico Massarrojos
{C2A2ACAD-C31D-494F-95C1-409915858FEF},https://www.valencia.es/documents/20142/24896899/2.+PARROQUIA+DE+SAN+JER%C3%93NIMO.pdf/1a1252a0-6024-5364-28dd-f5862b927a3a?t=1719906095377,2024-09-06T09:26:21+00:00,2024-09-06T09:26:21+00:00,Fuente imagen: https://parroquiasanjeronimo.es/historia-de-la-parroquia/,"[39.49288149819782, -0.3684016246065195]",ADM_GIS,Ruta Turismo Barrio,"{'coordinates': [-0.3684016246065195, 39.49288149819782], 'type': 'Point'}",172,ADM_GIS,2-PARROQUIA SAN JERÓNIMO
{CD3AB26E-5B62-48C0-BF86-C7A7F3E27A83},https://www.valencia.es/documents/20142/28833480/CAS1-Iglesia+Sant%C3%ADsimo+Cristo+de+la+Agon%C3%ADa.pdf/c6b6c637-b818-1781-6d9e-3d7e5788408f?t=1721988313622,2024-09-06T09:26:21+00:00,2024-09-06T09:26:21+00:00,Fuente imagen: https://valenciaarenaycal.blogspot.com/2015/06/parroquia-del-santo-cristo-de-la-agonia.html,"[39.43244498084582, -0.3769035349470182]",ADM_GIS,Ruta Turismo Barrio,"{'coordinates': [-0.3769035349470182, 39.43244498084582], 'type': 'Point'}",179,ADM_GIS,1-Iglesia Cristo de la Agonía
{D0B90028-C8EE-41FE-B473-4CBF2E32F029},https://www.valencia.es/documents/20142/28833480/CAS+1-N%C3%BAcleo+hist%C3%B3rico+de+El+Saler.pdf/a65c6b17-b63a-9bd0-86b1-b0af127884f6?t=1721030582687,2024-09-06T09:26:21+00:00,2024-09-06T09:26:21+00:00,,"[39.38250959056868, -0.33326609537287727]",ADM_GIS,Ruta Turismo Barrio,"{'coordinates': [-0.33326609537287727, 39.38250959056868], 'type': 'Point'}",181,ADM_GIS,1-Núcleo histórico de El Saler
{E4A5B522-6482-4703-87F1-D078B6EA7045},https://www.valencia.es/documents/20142/28886615/CAS+1-El+Trinquet+de+Pilota.pdf/b56536bf-1ab7-d6fd-e4b4-d5291becab60?t=1720770048000,2024-09-06T09:26:21+00:00,2024-09-06T09:26:21+00:00,Fuente imagen: https://gimnasios.fitness/es/i/12410-borboto-trinquete/,"[39.518779484773425, -0.3901562048291553]",ADM_GIS,Ruta Turismo Barrio,"{'coordinates': [-0.3901562048291553, 39.518779484773425], 'type': 'Point'}",190,ADM_GIS,1-El trinquet de pilota
{E542D6EB-A6BE-4F17-9ABC-7816A16E26AC},https://www.valencia.es/documents/20142/28886943/VAL+3-Refugio+subterraneo+Massarrojos.pdf/5beee249-73be-fb25-3143-066f8cec81f5?t=1720770173474,2024-09-06T09:26:21+00:00,2024-09-06T09:26:21+00:00,Fuente imagen:  https://cultural.valencia.es/es/museu/refugio-antiaereo-de-massarrojos/,"[39.53899141733723, -0.40390872599818295]",ADM_GIS,Ruta Turismo Barrio,"{'coordinates': [-0.40390872599818295, 39.53899141733723], 'type': 'Point'}",191,ADM_GIS,3-Refugio subterráneo antiáreo
{ED007F63-E13A-4462-B74D-2E168E8BB899},https://www.valencia.es/documents/20142/20876515/10.2+Parque+Lineal.+Chalet+de+Joanet.pdf/88da8006-26bd-1ab8-9c98-1d267ca9b3a3?t=1668584155264,2024-09-06T09:26:21+00:00,2024-09-06T09:26:21+00:00,Fuente imagen: http://www.jdiezarnal.com/benimametchaletpuchades.html,"[39.5013774853616, -0.4190198026387681]",ADM_GIS,Ruta Turismo Barrio,"{'coordinates': [-0.4190198026387681, 39.5013774853616], 'type': 'Point'}",194,ADM_GIS,10-PARQUE LINEAL-CHALET DE JOANET
{F15AA29F-7425-465B-8C56-92E788E7A697},https://www.valencia.es/documents/20142/24550995/5.+F%C3%81BRICA+DE+%E2%80%9CBATTIFORA%E2%80%9D.pdf/7cd39e33-0e12-f059-e8ca-d05c79a7d0e3?t=1693987175608,2024-09-06T09:26:21+00:00,2024-09-06T09:26:21+00:00,Fuente imagen: https://fppuche.wordpress.com/2020/05/24/la-batifora-de-dupuy-de-lome-en-patraix/,"[39.45976441282508, -0.39287768654027033]",ADM_GIS,Ruta Turismo Barrio,"{'coordinates': [-0.39287768654027033, 39.45976441282508], 'type': 'Point'}",195,ADM_GIS,"5-FÁBRICA ""LA BATTIFORA"""
{F3534FBA-D75C-4C54-A592-7863928741A4},https://www.valencia.es/documents/20142/24550995/11.+EDIFICIOS+DE+LA+DEPENDENCIA+MERCANTIL.pdf/04dc5416-5f39-7136-cf4f-3964e58e110a?t=1693987178520,2024-09-06T09:26:21+00:00,2024-09-06T09:26:21+00:00,Fuente imagen: https://valenciablancoynegro.blogspot.com/2021/12/cooperativa-casas-baratas-dependencia.html,"[39.466627410009316, -0.39344526493321963]",ADM_GIS,Ruta Turismo Barrio,"{'coordinates': [-0.39344526493321963, 39.466627410009316], 'type': 'Point'}",196,ADM_GIS,11-EDICIOS DE LA DEPENDENCIA MERCANTIL
{FBCF4B49-0019-4294-8FFD-035DA6081766},https://www.valencia.es/documents/20142/28886741/CAS+2-N%C3%BAcleo+primitivo+de+Carpesa.pdf/6481c17a-4898-1a89-01f4-1d3f56169a1d?t=1720770070577,2024-09-06T09:26:21+00:00,2024-09-06T09:26:21+00:00,,"[39.51720381617877, -0.378056890346089]",ADM_GIS,Ruta Turismo Barrio,"{'coordinates': [-0.378056890346089, 39.51720381617877], 'type': 'Point'}",200,ADM_GIS,2-Núcleo primitivo Carpesa
{FD707136-DB08-4102-BACE-D230F68BF39B},Más información en :https://www.valencia.es/documents/20142/24896899/7.+UNIVERSIDAD+POPULAR+ELS+ORRIOLS.pdf/b18e13d4-cd2f-20b8-f419-3a74f2d7d1cb?t=1719906097953,2024-09-06T09:26:21+00:00,2024-09-06T09:26:21+00:00,,"[39.496987409665806, -0.3692109685450943]",ADM_GIS,Ruta Turismo Barrio,"{'coordinates': [-0.3692109685450943, 39.496987409665806], 'type': 'Point'}",201,ADM_GIS,7-UNIVERSIDAD POPULAR
{FDAD45FF-C329-4547-AA22-977AF82046EF},https://www.valencia.es/documents/20142/28833480/CAS+1-Barraca+la+Genuina.+Edificios+hist%C3%B3ricos+de+Pinedo.pdf/860282a5-3de4-519b-e277-f02d26767636?t=1721029420019,2024-09-06T09:26:21+00:00,2024-09-06T09:26:21+00:00,,"[39.42272645107064, -0.3407016967202862]",ADM_GIS,Ruta Turismo Barrio,"{'coordinates': [-0.3407016967202862, 39.42272645107064], 'type': 'Point'}",202,ADM_GIS,1-Barraca la Genuina/edificios históricos de Pinedo
